<?xml version="1.0" encoding="UTF-8"?><CodeSystem xmlns="http://hl7.org/fhir"><id value="prod-type-cs"/><text><status value="generated"/><div xmlns="http://www.w3.org/1999/xhtml"><p>This code system https://fhirbender.github.io/mpd-box/CodeSystem/prod-type-cs defines the following codes:</p><table class="codes"><tr><td style="white-space:nowrap"><b>Code</b></td><td><b>Display</b></td></tr><tr><td style="white-space:nowrap">IDMP_PhP<a name="prod-type-cs-IDMP_PhP"> </a></td><td>IDMP Pharmaceutical Product</td></tr><tr><td style="white-space:nowrap">IDMP_MP<a name="prod-type-cs-IDMP_MP"> </a></td><td>IDMP Medicinal Product</td></tr><tr><td style="white-space:nowrap">IDMP_PP<a name="prod-type-cs-IDMP_PP"> </a></td><td>IDMP Packaged Medicinal Product</td></tr><tr><td style="white-space:nowrap">BE_MP<a name="prod-type-cs-BE_MP"> </a></td><td>Belgian Medicinal Product</td></tr><tr><td style="white-space:nowrap">BE_VMP<a name="prod-type-cs-BE_VMP"> </a></td><td>Belgian Virtual Medicinal Product</td></tr></table></div></text><url value="https://fhirbender.github.io/mpd-box/CodeSystem/prod-type-cs"/><version value="1.0.0"/><name value="ProductTypeCS"/><title value="Product Types code system"/><status value="active"/><date value="2022-05-07T15:41:09+00:00"/><publisher value="My Organization"/><contact><name value="My Organization"/><telecom><system value="url"/><value value="http://example.com/committees"/></telecom><telecom><system value="email"/><value value="my-group@example.com"/></telecom></contact><contact><name value="José Costa Teixeira"/><telecom><system value="email"/><value value="well.u.know@gmail.com"/><use value="work"/></telecom></contact><description value="Product Types"/><jurisdiction><coding><system value="http://unstats.un.org/unsd/methods/m49/m49.htm"/><code value="001"/><display value="World"/></coding></jurisdiction><content value="complete"/><count value="5"/><concept><code value="IDMP_PhP"/><display value="IDMP Pharmaceutical Product"/></concept><concept><code value="IDMP_MP"/><display value="IDMP Medicinal Product"/></concept><concept><code value="IDMP_PP"/><display value="IDMP Packaged Medicinal Product"/></concept><concept><code value="BE_MP"/><display value="Belgian Medicinal Product"/></concept><concept><code value="BE_VMP"/><display value="Belgian Virtual Medicinal Product"/></concept></CodeSystem>