<?xml version="1.0" encoding="UTF-8"?><SearchParameter xmlns="http://hl7.org/fhir"><id value="sp-phpid"/><url value="https://fhirbender.github.io/mpd-box/SearchParameter/sp-phpid"/><version value="1.0.0"/><name value="PhPID-SEARCH-PARAMETER"/><status value="active"/><experimental value="true"/><date value="2013-10-23"/><publisher value="My Organization"/><contact><name value="My Organization"/><telecom><system value="url"/><value value="http://example.com/committees"/></telecom><telecom><system value="email"/><value value="my-group@example.com"/></telecom></contact><contact><name value="José Costa Teixeira"/><telecom><system value="email"/><value value="well.u.know@gmail.com"/><use value="work"/></telecom></contact><description value="Search by phpid"/><jurisdiction><coding><system value="http://unstats.un.org/unsd/methods/m49/m49.htm"/><code value="001"/><display value="World"/></coding></jurisdiction><purpose value="Search by PhP identifier"/><code value="phpid"/><base value="MedicationKnowledge"/><type value="token"/><expression value="MedicationKnowledge.code.coding.where(system='https://www.who-umc.org/phpid')"/><xpath value="f:MedicationKnowledge/f:code"/><xpathUsage value="normal"/></SearchParameter>