<?xml version="1.0" encoding="UTF-8"?><SearchParameter xmlns="http://hl7.org/fhir"><id value="sp-prod-type"/><url value="https://fhirbender.github.io/mpd-box/SearchParameter/sp-prod-type"/><version value="1.0.0"/><name value="PPRDUCT-TYPE-SEARCH-PARAMETER"/><status value="active"/><experimental value="true"/><date value="2022-05-05"/><publisher value="My Organization"/><contact><name value="My Organization"/><telecom><system value="url"/><value value="http://example.com/committees"/></telecom><telecom><system value="email"/><value value="my-group@example.com"/></telecom></contact><contact><name value="José Costa Teixeira"/><telecom><system value="email"/><value value="well.u.know@gmail.com"/><use value="work"/></telecom></contact><description value="Search by product type"/><jurisdiction><coding><system value="http://unstats.un.org/unsd/methods/m49/m49.htm"/><code value="001"/><display value="World"/></coding></jurisdiction><purpose value="Search by Product type"/><code value="prod-type"/><base value="MedicationKnowledge"/><type value="token"/><expression value="MedicationKnowledge.productType"/><xpath value="f:MedicationKnowledge/f:productType"/><xpathUsage value="normal"/></SearchParameter>