<?xml version="1.0" encoding="UTF-8"?><StructureDefinition xmlns="http://hl7.org/fhir"><id value="VMPGroupModel"/><text><status value="extensions"/><div xmlns="http://www.w3.org/1999/xhtml"><table border="0" cellpadding="0" cellspacing="0" style="border: 0px #F0F0F0 solid; font-size: 11px; font-family: verdana; vertical-align: top;"><tr style="border: 1px #F0F0F0 solid; font-size: 11px; font-family: verdana; vertical-align: top"><th style="vertical-align: top; text-align : left; background-color: white; border: 0px #F0F0F0 solid; padding:0px 4px 0px 4px" class="hierarchy"><a href="http://hl7.org/fhir/R4/formats.html#table" title="The logical name of the element">Name</a></th><th style="vertical-align: top; text-align : left; background-color: white; border: 0px #F0F0F0 solid; padding:0px 4px 0px 4px" class="hierarchy"><a href="http://hl7.org/fhir/R4/formats.html#table" title="Information about the use of the element">Flags</a></th><th style="vertical-align: top; text-align : left; background-color: white; border: 0px #F0F0F0 solid; padding:0px 4px 0px 4px" class="hierarchy"><a href="http://hl7.org/fhir/R4/formats.html#table" title="Minimum and Maximum # of times the the element can appear in the instance">Card.</a></th><th style="width: 100px" class="hierarchy"><a href="http://hl7.org/fhir/R4/formats.html#table" title="Reference to the type of the element">Type</a></th><th style="vertical-align: top; text-align : left; background-color: white; border: 0px #F0F0F0 solid; padding:0px 4px 0px 4px" class="hierarchy"><a href="http://hl7.org/fhir/R4/formats.html#table" title="Additional information about the element">Description &amp; Constraints</a><span style="float: right"><a href="http://hl7.org/fhir/R4/formats.html#table" title="Legend for this format"><img src="http://hl7.org/fhir/R4/help16.png" alt="doco" style="background-color: inherit"/></a></span></th></tr><tr style="border: 0px #F0F0F0 solid; padding:0px; vertical-align: top; background-color: white"><td style="vertical-align: top; text-align : left; background-color: white; border: 0px #F0F0F0 solid; padding:0px 4px 0px 4px; white-space: nowrap; background-image: url(tbl_bck1.png)" class="hierarchy"><img src="tbl_spacer.png" alt="." style="background-color: inherit" class="hierarchy"/><img src="icon_element.gif" alt="." style="background-color: white; background-color: inherit" title="Element" class="hierarchy"/> <a href="StructureDefinition-VMPGroupModel-definitions.html#VMPGroupModel" title="VMP Group logical model">VMPGroupModel</a><a name="VMPGroupModel"> </a></td><td style="vertical-align: top; text-align : left; background-color: white; border: 0px #F0F0F0 solid; padding:0px 4px 0px 4px" class="hierarchy"/><td style="vertical-align: top; text-align : left; background-color: white; border: 0px #F0F0F0 solid; padding:0px 4px 0px 4px" class="hierarchy"><span style="opacity: 0.5">0</span><span style="opacity: 0.5">..</span><span style="opacity: 0.5">*</span></td><td style="vertical-align: top; text-align : left; background-color: white; border: 0px #F0F0F0 solid; padding:0px 4px 0px 4px" class="hierarchy"/><td style="vertical-align: top; text-align : left; background-color: white; border: 0px #F0F0F0 solid; padding:0px 4px 0px 4px" class="hierarchy">VMP Group logical model</td></tr>
<tr style="border: 0px #F0F0F0 solid; padding:0px; vertical-align: top; background-color: #F7F7F7"><td style="vertical-align: top; text-align : left; background-color: #F7F7F7; border: 0px #F0F0F0 solid; padding:0px 4px 0px 4px; white-space: nowrap; background-image: url(tbl_bck10.png)" class="hierarchy"><img src="tbl_spacer.png" alt="." style="background-color: inherit" class="hierarchy"/><img src="tbl_vjoin.png" alt="." style="background-color: inherit" class="hierarchy"/><img src="icon_datatype.gif" alt="." style="background-color: #F7F7F7; background-color: inherit" title="Data Type" class="hierarchy"/> <a href="StructureDefinition-VMPGroupModel-definitions.html#VMPGroupModel.identifier" title="Business identifier for this medication">identifier</a><a name="VMPGroupModel.identifier"> </a></td><td style="vertical-align: top; text-align : left; background-color: #F7F7F7; border: 0px #F0F0F0 solid; padding:0px 4px 0px 4px" class="hierarchy"/><td style="vertical-align: top; text-align : left; background-color: #F7F7F7; border: 0px #F0F0F0 solid; padding:0px 4px 0px 4px" class="hierarchy">0..*</td><td style="vertical-align: top; text-align : left; background-color: #F7F7F7; border: 0px #F0F0F0 solid; padding:0px 4px 0px 4px" class="hierarchy"><a href="http://hl7.org/fhir/R4/datatypes.html#Identifier">Identifier</a></td><td style="vertical-align: top; text-align : left; background-color: #F7F7F7; border: 0px #F0F0F0 solid; padding:0px 4px 0px 4px" class="hierarchy">Business identifier for this medication<br/></td></tr>
<tr style="border: 0px #F0F0F0 solid; padding:0px; vertical-align: top; background-color: white"><td style="vertical-align: top; text-align : left; background-color: white; border: 0px #F0F0F0 solid; padding:0px 4px 0px 4px; white-space: nowrap; background-image: url(tbl_bck11.png)" class="hierarchy"><img src="tbl_spacer.png" alt="." style="background-color: inherit" class="hierarchy"/><img src="tbl_vjoin.png" alt="." style="background-color: inherit" class="hierarchy"/><img src="icon_datatype.gif" alt="." style="background-color: white; background-color: inherit" title="Data Type" class="hierarchy"/> <a href="StructureDefinition-VMPGroupModel-definitions.html#VMPGroupModel.ingredient" title="Ingredient(s) that are part of the product, with therapeutical usage or not">ingredient</a><a name="VMPGroupModel.ingredient"> </a></td><td style="vertical-align: top; text-align : left; background-color: white; border: 0px #F0F0F0 solid; padding:0px 4px 0px 4px" class="hierarchy"/><td style="vertical-align: top; text-align : left; background-color: white; border: 0px #F0F0F0 solid; padding:0px 4px 0px 4px" class="hierarchy">1..*</td><td style="vertical-align: top; text-align : left; background-color: white; border: 0px #F0F0F0 solid; padding:0px 4px 0px 4px" class="hierarchy"><a href="http://hl7.org/fhir/R4/datatypes.html#BackboneElement">BackboneElement</a></td><td style="vertical-align: top; text-align : left; background-color: white; border: 0px #F0F0F0 solid; padding:0px 4px 0px 4px" class="hierarchy">Ingredient(s) that are part of the product, with therapeutical usage or not<br/></td></tr>
<tr style="border: 0px #F0F0F0 solid; padding:0px; vertical-align: top; background-color: #F7F7F7"><td style="vertical-align: top; text-align : left; background-color: #F7F7F7; border: 0px #F0F0F0 solid; padding:0px 4px 0px 4px; white-space: nowrap; background-image: url(tbl_bck110.png)" class="hierarchy"><img src="tbl_spacer.png" alt="." style="background-color: inherit" class="hierarchy"/><img src="tbl_vline.png" alt="." style="background-color: inherit" class="hierarchy"/><img src="tbl_vjoin.png" alt="." style="background-color: inherit" class="hierarchy"/><img src="icon_datatype.gif" alt="." style="background-color: #F7F7F7; background-color: inherit" title="Data Type" class="hierarchy"/> <a href="StructureDefinition-VMPGroupModel-definitions.html#VMPGroupModel.ingredient.substance" title="Codification of the substance">substance</a><a name="VMPGroupModel.ingredient.substance"> </a></td><td style="vertical-align: top; text-align : left; background-color: #F7F7F7; border: 0px #F0F0F0 solid; padding:0px 4px 0px 4px" class="hierarchy"/><td style="vertical-align: top; text-align : left; background-color: #F7F7F7; border: 0px #F0F0F0 solid; padding:0px 4px 0px 4px" class="hierarchy">1..1</td><td style="vertical-align: top; text-align : left; background-color: #F7F7F7; border: 0px #F0F0F0 solid; padding:0px 4px 0px 4px" class="hierarchy"><a href="http://hl7.org/fhir/R4/datatypes.html#CodeableConcept">CodeableConcept</a></td><td style="vertical-align: top; text-align : left; background-color: #F7F7F7; border: 0px #F0F0F0 solid; padding:0px 4px 0px 4px" class="hierarchy">Codification of the substance</td></tr>
<tr style="border: 0px #F0F0F0 solid; padding:0px; vertical-align: top; background-color: white"><td style="vertical-align: top; text-align : left; background-color: white; border: 0px #F0F0F0 solid; padding:0px 4px 0px 4px; white-space: nowrap; background-image: url(tbl_bck110.png)" class="hierarchy"><img src="tbl_spacer.png" alt="." style="background-color: inherit" class="hierarchy"/><img src="tbl_vline.png" alt="." style="background-color: inherit" class="hierarchy"/><img src="tbl_vjoin.png" alt="." style="background-color: inherit" class="hierarchy"/><img src="icon_datatype.gif" alt="." style="background-color: white; background-color: inherit" title="Data Type" class="hierarchy"/> <a href="StructureDefinition-VMPGroupModel-definitions.html#VMPGroupModel.ingredient.role" title="Role the substance has in this product (active principle, excipient, ...)">role</a><a name="VMPGroupModel.ingredient.role"> </a></td><td style="vertical-align: top; text-align : left; background-color: white; border: 0px #F0F0F0 solid; padding:0px 4px 0px 4px" class="hierarchy"/><td style="vertical-align: top; text-align : left; background-color: white; border: 0px #F0F0F0 solid; padding:0px 4px 0px 4px" class="hierarchy">1..1</td><td style="vertical-align: top; text-align : left; background-color: white; border: 0px #F0F0F0 solid; padding:0px 4px 0px 4px" class="hierarchy"><a href="http://hl7.org/fhir/R4/datatypes.html#CodeableConcept">CodeableConcept</a></td><td style="vertical-align: top; text-align : left; background-color: white; border: 0px #F0F0F0 solid; padding:0px 4px 0px 4px" class="hierarchy">Role the substance has in this product (active principle, excipient, ...)</td></tr>
<tr style="border: 0px #F0F0F0 solid; padding:0px; vertical-align: top; background-color: #F7F7F7"><td style="vertical-align: top; text-align : left; background-color: #F7F7F7; border: 0px #F0F0F0 solid; padding:0px 4px 0px 4px; white-space: nowrap; background-image: url(tbl_bck100.png)" class="hierarchy"><img src="tbl_spacer.png" alt="." style="background-color: inherit" class="hierarchy"/><img src="tbl_vline.png" alt="." style="background-color: inherit" class="hierarchy"/><img src="tbl_vjoin_end.png" alt="." style="background-color: inherit" class="hierarchy"/><img src="icon_datatype.gif" alt="." style="background-color: #F7F7F7; background-color: inherit" title="Data Type" class="hierarchy"/> <a href="StructureDefinition-VMPGroupModel-definitions.html#VMPGroupModel.ingredient.strength" title="Strength of the substance in this product">strength</a><a name="VMPGroupModel.ingredient.strength"> </a></td><td style="vertical-align: top; text-align : left; background-color: #F7F7F7; border: 0px #F0F0F0 solid; padding:0px 4px 0px 4px" class="hierarchy"/><td style="vertical-align: top; text-align : left; background-color: #F7F7F7; border: 0px #F0F0F0 solid; padding:0px 4px 0px 4px" class="hierarchy">1..1</td><td style="vertical-align: top; text-align : left; background-color: #F7F7F7; border: 0px #F0F0F0 solid; padding:0px 4px 0px 4px" class="hierarchy"><a href="http://hl7.org/fhir/R4/datatypes.html#Quantity">Quantity</a></td><td style="vertical-align: top; text-align : left; background-color: #F7F7F7; border: 0px #F0F0F0 solid; padding:0px 4px 0px 4px" class="hierarchy">Strength of the substance in this product</td></tr>
<tr style="border: 0px #F0F0F0 solid; padding:0px; vertical-align: top; background-color: white"><td style="vertical-align: top; text-align : left; background-color: white; border: 0px #F0F0F0 solid; padding:0px 4px 0px 4px; white-space: nowrap; background-image: url(tbl_bck00.png)" class="hierarchy"><img src="tbl_spacer.png" alt="." style="background-color: inherit" class="hierarchy"/><img src="tbl_vjoin_end.png" alt="." style="background-color: inherit" class="hierarchy"/><img src="icon_datatype.gif" alt="." style="background-color: white; background-color: inherit" title="Data Type" class="hierarchy"/> <a href="StructureDefinition-VMPGroupModel-definitions.html#VMPGroupModel.routeOfAdministration" title="The approved route of administration">routeOfAdministration</a><a name="VMPGroupModel.routeOfAdministration"> </a></td><td style="vertical-align: top; text-align : left; background-color: white; border: 0px #F0F0F0 solid; padding:0px 4px 0px 4px" class="hierarchy"/><td style="vertical-align: top; text-align : left; background-color: white; border: 0px #F0F0F0 solid; padding:0px 4px 0px 4px" class="hierarchy">1..*</td><td style="vertical-align: top; text-align : left; background-color: white; border: 0px #F0F0F0 solid; padding:0px 4px 0px 4px" class="hierarchy"><a href="http://hl7.org/fhir/R4/datatypes.html#CodeableConcept">CodeableConcept</a></td><td style="vertical-align: top; text-align : left; background-color: white; border: 0px #F0F0F0 solid; padding:0px 4px 0px 4px" class="hierarchy">The approved route of administration<br/></td></tr>
<tr><td colspan="5" class="hierarchy"><br/><a href="http://hl7.org/fhir/R4/formats.html#table" title="Legend for this format"><img src="http://hl7.org/fhir/R4/help16.png" alt="doco" style="background-color: inherit"/> Documentation for this format</a></td></tr></table></div></text><url value="https://fhirbender.github.io/mpdbox/ImplementationGuide/mpb-box/StructureDefinition/VMPGroupModel"/><version value="1.0.0"/><name value="VMPGroupModel"/><title value="VMP Group logical model"/><status value="active"/><date value="2022-05-07T15:41:09+00:00"/><publisher value="My Organization"/><contact><name value="My Organization"/><telecom><system value="url"/><value value="http://example.com/committees"/></telecom><telecom><system value="email"/><value value="my-group@example.com"/></telecom></contact><contact><name value="José Costa Teixeira"/><telecom><system value="email"/><value value="well.u.know@gmail.com"/><use value="work"/></telecom></contact><description value="VMP Group logical model"/><jurisdiction><coding><system value="http://unstats.un.org/unsd/methods/m49/m49.htm"/><code value="001"/><display value="World"/></coding></jurisdiction><fhirVersion value="4.0.1"/><mapping><identity value="rim"/><uri value="http://hl7.org/v3"/><name value="RIM Mapping"/></mapping><kind value="logical"/><abstract value="false"/><type value="https://fhirbender.github.io/mpdbox/ImplementationGuide/mpb-box/StructureDefinition/VMPGroupModel"/><baseDefinition value="http://hl7.org/fhir/StructureDefinition/Base"/><derivation value="specialization"/><snapshot><element id="VMPGroupModel"><path value="VMPGroupModel"/><short value="VMP Group logical model"/><definition value="VMP Group logical model"/><min value="0"/><max value="*"/><base><path value="Base"/><min value="0"/><max value="*"/></base><isModifier value="false"/></element><element id="VMPGroupModel.identifier"><path value="VMPGroupModel.identifier"/><short value="Business identifier for this medication"/><definition value="Business identifier for this medication"/><min value="0"/><max value="*"/><base><path value="VMPGroupModel.identifier"/><min value="0"/><max value="*"/></base><type><code value="Identifier"/></type></element><element id="VMPGroupModel.ingredient"><path value="VMPGroupModel.ingredient"/><short value="Ingredient(s) that are part of the product, with therapeutical usage or not"/><definition value="Ingredient(s) that are part of the product, with therapeutical usage or not"/><min value="1"/><max value="*"/><base><path value="VMPGroupModel.ingredient"/><min value="1"/><max value="*"/></base><type><code value="BackboneElement"/></type></element><element id="VMPGroupModel.ingredient.substance"><path value="VMPGroupModel.ingredient.substance"/><short value="Codification of the substance"/><definition value="Codification of the substance"/><min value="1"/><max value="1"/><base><path value="VMPGroupModel.ingredient.substance"/><min value="1"/><max value="1"/></base><type><code value="CodeableConcept"/></type></element><element id="VMPGroupModel.ingredient.role"><path value="VMPGroupModel.ingredient.role"/><short value="Role the substance has in this product (active principle, excipient, ...)"/><definition value="Role the substance has in this product (active principle, excipient, ...)"/><min value="1"/><max value="1"/><base><path value="VMPGroupModel.ingredient.role"/><min value="1"/><max value="1"/></base><type><code value="CodeableConcept"/></type></element><element id="VMPGroupModel.ingredient.strength"><path value="VMPGroupModel.ingredient.strength"/><short value="Strength of the substance in this product"/><definition value="Strength of the substance in this product"/><min value="1"/><max value="1"/><base><path value="VMPGroupModel.ingredient.strength"/><min value="1"/><max value="1"/></base><type><code value="Quantity"/></type></element><element id="VMPGroupModel.routeOfAdministration"><path value="VMPGroupModel.routeOfAdministration"/><short value="The approved route of administration"/><definition value="The approved route of administration"/><min value="1"/><max value="*"/><base><path value="VMPGroupModel.routeOfAdministration"/><min value="1"/><max value="*"/></base><type><code value="CodeableConcept"/></type></element></snapshot><differential><element id="VMPGroupModel"><path value="VMPGroupModel"/><short value="VMP Group logical model"/><definition value="VMP Group logical model"/></element><element id="VMPGroupModel.identifier"><path value="VMPGroupModel.identifier"/><short value="Business identifier for this medication"/><definition value="Business identifier for this medication"/><min value="0"/><max value="*"/><type><code value="Identifier"/></type></element><element id="VMPGroupModel.ingredient"><path value="VMPGroupModel.ingredient"/><short value="Ingredient(s) that are part of the product, with therapeutical usage or not"/><definition value="Ingredient(s) that are part of the product, with therapeutical usage or not"/><min value="1"/><max value="*"/><type><code value="BackboneElement"/></type></element><element id="VMPGroupModel.ingredient.substance"><path value="VMPGroupModel.ingredient.substance"/><short value="Codification of the substance"/><definition value="Codification of the substance"/><min value="1"/><max value="1"/><type><code value="CodeableConcept"/></type></element><element id="VMPGroupModel.ingredient.role"><path value="VMPGroupModel.ingredient.role"/><short value="Role the substance has in this product (active principle, excipient, ...)"/><definition value="Role the substance has in this product (active principle, excipient, ...)"/><min value="1"/><max value="1"/><type><code value="CodeableConcept"/></type></element><element id="VMPGroupModel.ingredient.strength"><path value="VMPGroupModel.ingredient.strength"/><short value="Strength of the substance in this product"/><definition value="Strength of the substance in this product"/><min value="1"/><max value="1"/><type><code value="Quantity"/></type></element><element id="VMPGroupModel.routeOfAdministration"><path value="VMPGroupModel.routeOfAdministration"/><short value="The approved route of administration"/><definition value="The approved route of administration"/><min value="1"/><max value="*"/><type><code value="CodeableConcept"/></type></element></differential></StructureDefinition>