<?xml version="1.0" encoding="UTF-8"?><ValueSet xmlns="http://hl7.org/fhir"><id value="prod-type-vs"/><text><status value="generated"/><div xmlns="http://www.w3.org/1999/xhtml"><ul><li>Include all codes defined in <a href="CodeSystem-prod-type-cs.html"><code>https://fhirbender.github.io/mpd-box/CodeSystem/prod-type-cs</code></a></li></ul></div></text><url value="https://fhirbender.github.io/mpd-box/ValueSet/prod-type-cs"/><version value="1.0.0"/><name value="ProductTypeVS"/><title value="Product Types Value Set"/><status value="active"/><date value="2022-05-09T12:09:56+00:00"/><publisher value="My Organization"/><contact><name value="My Organization"/><telecom><system value="url"/><value value="http://example.com/committees"/></telecom><telecom><system value="email"/><value value="my-group@example.com"/></telecom></contact><contact><name value="José Costa Teixeira"/><telecom><system value="email"/><value value="well.u.know@gmail.com"/><use value="work"/></telecom></contact><description value="Product Types Value Set."/><jurisdiction><coding><system value="http://unstats.un.org/unsd/methods/m49/m49.htm"/><code value="001"/><display value="World"/></coding></jurisdiction><compose><include><system value="https://fhirbender.github.io/mpd-box/CodeSystem/prod-type-cs"/></include></compose></ValueSet>