<?xml version="1.0" encoding="UTF-8"?>

<Bundle xmlns="http://hl7.org/fhir">
  <id value="d5fd83ee-b112-4f03-9d7f-87d9bad99777"/>
  <meta>
    <lastUpdated value="2022-05-07T15:41:09.910+00:00"/>
  </meta>
  <type value="collection"/>
  <entry>
    <fullUrl value="https://fhirbender.github.io/mpd-box/ValueSet/prod-type-cs"/>
    <resource>
      <ValueSet>
        <id value="prod-type-vs"/>
        <text>
          <status value="generated"/>
          <div xmlns="http://www.w3.org/1999/xhtml">
            <p>This value set contains 5 concepts</p>
            <p style="border: black 1px dotted; background-color: #EEEEEE; padding: 8px; margin-bottom: 8px">Expansion based on 
              <a href="CodeSystem-prod-type-cs.html">Product Types code system v1.0.0 (CodeSystem)</a>
            </p>
            <p>All codes in this table are from the system 
              <a href="CodeSystem-prod-type-cs.html">
                <code>https://fhirbender.github.io/mpd-box/CodeSystem/prod-type-cs</code>
              </a>
            </p>
            <table class="codes">
              <tr>
                <td style="white-space:nowrap">
                  <b>Code</b>
                </td>
                <td>
                  <b>Display</b>
                </td>
              </tr>
              <tr>
                <td style="white-space:nowrap">
                  <a name="https---fhirbender.github.io-mpd-box-CodeSystem-prod-type-cs-IDMP-PhP"> </a>  
                  <a href="CodeSystem-prod-type-cs.html#prod-type-cs-IDMP_PhP">IDMP_PhP</a>
                </td>
                <td>IDMP Pharmaceutical Product</td>
              </tr>
              <tr>
                <td style="white-space:nowrap">
                  <a name="https---fhirbender.github.io-mpd-box-CodeSystem-prod-type-cs-IDMP-MP"> </a>  
                  <a href="CodeSystem-prod-type-cs.html#prod-type-cs-IDMP_MP">IDMP_MP</a>
                </td>
                <td>IDMP Medicinal Product</td>
              </tr>
              <tr>
                <td style="white-space:nowrap">
                  <a name="https---fhirbender.github.io-mpd-box-CodeSystem-prod-type-cs-IDMP-PP"> </a>  
                  <a href="CodeSystem-prod-type-cs.html#prod-type-cs-IDMP_PP">IDMP_PP</a>
                </td>
                <td>IDMP Packaged Medicinal Product</td>
              </tr>
              <tr>
                <td style="white-space:nowrap">
                  <a name="https---fhirbender.github.io-mpd-box-CodeSystem-prod-type-cs-BE-MP"> </a>  
                  <a href="CodeSystem-prod-type-cs.html#prod-type-cs-BE_MP">BE_MP</a>
                </td>
                <td>Belgian Medicinal Product</td>
              </tr>
              <tr>
                <td style="white-space:nowrap">
                  <a name="https---fhirbender.github.io-mpd-box-CodeSystem-prod-type-cs-BE-VMP"> </a>  
                  <a href="CodeSystem-prod-type-cs.html#prod-type-cs-BE_VMP">BE_VMP</a>
                </td>
                <td>Belgian Virtual Medicinal Product</td>
              </tr>
            </table>
          </div>
        </text>
        <url value="https://fhirbender.github.io/mpd-box/ValueSet/prod-type-cs"/>
        <version value="1.0.0"/>
        <name value="ProductTypeVS"/>
        <title value="Product Types Value Set"/>
        <status value="active"/>
        <date value="2022-05-07T15:41:09+00:00"/>
        <publisher value="My Organization"/>
        <contact>
          <name value="My Organization"/>
          <telecom>
            <system value="url"/>
            <value value="http://example.com/committees"/>
          </telecom>
          <telecom>
            <system value="email"/>
            <value value="my-group@example.com"/>
          </telecom>
        </contact>
        <contact>
          <name value="José Costa Teixeira"/>
          <telecom>
            <system value="email"/>
            <value value="well.u.know@gmail.com"/>
            <use value="work"/>
          </telecom>
        </contact>
        <description value="Product Types Value Set."/>
        <jurisdiction>
          <coding>
            <system value="http://unstats.un.org/unsd/methods/m49/m49.htm"/>
            <code value="001"/>
            <display value="World"/>
          </coding>
        </jurisdiction>
        <expansion>
          <identifier value="urn:uuid:760e16d4-d045-48ff-9d5d-b0e2cbdca269"/>
          <timestamp value="2022-05-07T15:41:27+00:00"/>
          <total value="5"/>
          <parameter>
            <name value="excludeNested"/>
            <valueBoolean value="false"/>
          </parameter>
          <parameter>
            <name value="version"/>
            <valueUri value="https://fhirbender.github.io/mpd-box/CodeSystem/prod-type-cs|1.0.0"/>
          </parameter>
          <contains>
            <system value="https://fhirbender.github.io/mpd-box/CodeSystem/prod-type-cs"/>
            <code value="IDMP_PhP"/>
            <display value="IDMP Pharmaceutical Product"/>
          </contains>
          <contains>
            <system value="https://fhirbender.github.io/mpd-box/CodeSystem/prod-type-cs"/>
            <code value="IDMP_MP"/>
            <display value="IDMP Medicinal Product"/>
          </contains>
          <contains>
            <system value="https://fhirbender.github.io/mpd-box/CodeSystem/prod-type-cs"/>
            <code value="IDMP_PP"/>
            <display value="IDMP Packaged Medicinal Product"/>
          </contains>
          <contains>
            <system value="https://fhirbender.github.io/mpd-box/CodeSystem/prod-type-cs"/>
            <code value="BE_MP"/>
            <display value="Belgian Medicinal Product"/>
          </contains>
          <contains>
            <system value="https://fhirbender.github.io/mpd-box/CodeSystem/prod-type-cs"/>
            <code value="BE_VMP"/>
            <display value="Belgian Virtual Medicinal Product"/>
          </contains>
        </expansion>
      </ValueSet>
    </resource>
  </entry>
</Bundle>