<?xml version="1.0" encoding="UTF-8"?>

<SearchParameter xmlns="http://hl7.org/fhir">
  <id value="sp-phpid"/>
  <text>
    <status value="generated"/><div xmlns="http://www.w3.org/1999/xhtml"><p><b>Generated Narrative</b></p><div style="display: inline-block; background-color: #d9e0e7; padding: 6px; margin: 4px; border: 1px solid #8da1b4; border-radius: 5px; line-height: 60%"><p style="margin-bottom: 0px">Resource "sp-phpid" </p></div><p><b>url</b>: <code>https://fhirbender.github.io/mpd-box/SearchParameter/sp-phpid</code></p><p><b>version</b>: 1.0.0</p><p><b>name</b>: PhPID-SEARCH-PARAMETER</p><p><b>status</b>: active</p><p><b>experimental</b>: true</p><p><b>date</b>: 2013-10-23</p><p><b>publisher</b>: My Organization</p><p><b>contact</b>: My Organization: <a href="http://example.com/committees">http://example.com/committees</a>,<a href="mailto:my-group@example.com">my-group@example.com</a>, José Costa Teixeira: <a href="mailto:well.u.know@gmail.com">well.u.know@gmail.com</a></p><p><b>description</b>: Search by phpid</p><p><b>jurisdiction</b>: World <span style="background: LightGoldenRodYellow; margin: 4px; border: 1px solid khaki"> (m49.htm#001)</span></p><p><b>purpose</b>: Search by PhP identifier</p><p><b>code</b>: phpid</p><p><b>base</b>: MedicationKnowledge</p><p><b>type</b>: token</p><p><b>expression</b>: MedicationKnowledge.code.coding.where(system='https://www.who-umc.org/phpid')</p><p><b>xpath</b>: f:MedicationKnowledge/f:code</p><p><b>xpathUsage</b>: normal</p></div>
  </text>
  <url value="https://fhirbender.github.io/mpd-box/SearchParameter/sp-phpid"/>
  <version value="1.0.0"/>
  <name value="PhPID-SEARCH-PARAMETER"/>
  <status value="active"/>
  <experimental value="true"/>
  <date value="2013-10-23"/>
  <publisher value="My Organization"/>
  <contact>
    <name value="My Organization"/>
    <telecom>
      <system value="url"/>
      <value value="http://example.com/committees"/>
    </telecom>
    <telecom>
      <system value="email"/>
      <value value="my-group@example.com"/>
    </telecom>
  </contact>
  <contact>
    <name value="José Costa Teixeira"/>
    <telecom>
      <system value="email"/>
      <value value="well.u.know@gmail.com"/>
      <use value="work"/>
    </telecom>
  </contact>
  <description value="Search by phpid"/>
  <jurisdiction>
    <coding>
      <system value="http://unstats.un.org/unsd/methods/m49/m49.htm"/>
      <code value="001"/>
      <display value="World"/>
    </coding>
  </jurisdiction>
  <purpose value="Search by PhP identifier"/>
  <code value="phpid"/>
  <base value="MedicationKnowledge"/>
  <type value="token"/>
  <expression value="MedicationKnowledge.code.coding.where(system='https://www.who-umc.org/phpid')"/>
  <xpath value="f:MedicationKnowledge/f:code"/>
  <xpathUsage value="normal"/>
</SearchParameter>