{"resourceType":"SearchParameter","id":"sp-phpid","url":"https://fhirbender.github.io/mpd-box/SearchParameter/sp-phpid","version":"1.0.0","name":"PhPID-SEARCH-PARAMETER","status":"active","experimental":true,"date":"2013-10-23","publisher":"My Organization","contact":[{"name":"My Organization","telecom":[{"system":"url","value":"http://example.com/committees"},{"system":"email","value":"my-group@example.com"}]},{"name":"José Costa Teixeira","telecom":[{"system":"email","value":"well.u.know@gmail.com","use":"work"}]}],"description":"Search by phpid","jurisdiction":[{"coding":[{"system":"http://unstats.un.org/unsd/methods/m49/m49.htm","code":"001","display":"World"}]}],"purpose":"Search by PhP identifier","code":"phpid","base":["MedicationKnowledge"],"type":"token","expression":"MedicationKnowledge.code.coding.where(system='https://www.who-umc.org/phpid')","xpath":"f:MedicationKnowledge/f:code","xpathUsage":"normal"}