{"resourceType":"SearchParameter","id":"sp-prod-type","url":"https://fhirbender.github.io/mpd-box/SearchParameter/sp-prod-type","version":"1.0.0","name":"PPRDUCT-TYPE-SEARCH-PARAMETER","status":"active","experimental":true,"date":"2022-05-05","publisher":"My Organization","contact":[{"name":"My Organization","telecom":[{"system":"url","value":"http://example.com/committees"},{"system":"email","value":"my-group@example.com"}]},{"name":"José Costa Teixeira","telecom":[{"system":"email","value":"well.u.know@gmail.com","use":"work"}]}],"description":"Search by product type","jurisdiction":[{"coding":[{"system":"http://unstats.un.org/unsd/methods/m49/m49.htm","code":"001","display":"World"}]}],"purpose":"Search by Product type","code":"prod-type","base":["MedicationKnowledge"],"type":"token","expression":"MedicationKnowledge.productType","xpath":"f:MedicationKnowledge/f:productType","xpathUsage":"normal"}