[
  {
    "id": "prod-type-cs",
    "type": "CodeSystem",
    "url": "https://fhirbender.github.io/mpd-box/CodeSystem/prod-type-cs",
    "version": "1.0.0",
    "name": "ProductTypeCS"
  },
  {
    "id": "sp-phpid",
    "type": "SearchParameter",
    "url": "https://fhirbender.github.io/mpd-box/SearchParameter/sp-phpid",
    "version": "1.0.0",
    "name": "PhPID-SEARCH-PARAMETER"
  },
  {
    "id": "sp-prod-type",
    "type": "SearchParameter",
    "url": "https://fhirbender.github.io/mpd-box/SearchParameter/sp-prod-type",
    "version": "1.0.0",
    "name": "PPRDUCT-TYPE-SEARCH-PARAMETER"
  },
  {
    "id": "prod-type-vs",
    "type": "ValueSet",
    "url": "https://fhirbender.github.io/mpd-box/ValueSet/prod-type-cs",
    "version": "1.0.0",
    "name": "ProductTypeVS"
  },
  {
    "id": "mpd-box",
    "type": "ImplementationGuide",
    "url": "https://fhirbender.github.io/mpdbox",
    "version": "1.0.0",
    "name": "MPDBox"
  },
  {
    "id": "AMPModel",
    "type": "StructureDefinition",
    "url": "https://fhirbender.github.io/mpdbox/ImplementationGuide/mpb-box/StructureDefinition/AMPModel",
    "version": "1.0.0",
    "name": "AMPModel"
  },
  {
    "id": "AMPPModel",
    "type": "StructureDefinition",
    "url": "https://fhirbender.github.io/mpdbox/ImplementationGuide/mpb-box/StructureDefinition/AMPPModel",
    "version": "1.0.0",
    "name": "AMPPModel"
  },
  {
    "id": "PharmaceuticalProduct",
    "type": "StructureDefinition",
    "url": "https://fhirbender.github.io/mpdbox/ImplementationGuide/mpb-box/StructureDefinition/PharmaceuticalProduct",
    "version": "1.0.0",
    "name": "PharmaceuticalProduct"
  },
  {
    "id": "VMPGroupModel",
    "type": "StructureDefinition",
    "url": "https://fhirbender.github.io/mpdbox/ImplementationGuide/mpb-box/StructureDefinition/VMPGroupModel",
    "version": "1.0.0",
    "name": "VMPGroupModel"
  },
  {
    "id": "VMPModel",
    "type": "StructureDefinition",
    "url": "https://fhirbender.github.io/mpdbox/ImplementationGuide/mpb-box/StructureDefinition/VMPModel",
    "version": "1.0.0",
    "name": "VMPModel"
  },
  {
    "id": "VMPPModel",
    "type": "StructureDefinition",
    "url": "https://fhirbender.github.io/mpdbox/ImplementationGuide/mpb-box/StructureDefinition/VMPPModel",
    "version": "1.0.0",
    "name": "VMPPModel"
  }
]