{
  "resourceType": "SearchParameter",
  "id": "sp-prod-type",
  "text": {
    "status": "generated",
    "div": "<div xmlns=\"http://www.w3.org/1999/xhtml\"><p><b>Generated Narrative</b></p><div style=\"display: inline-block; background-color: #d9e0e7; padding: 6px; margin: 4px; border: 1px solid #8da1b4; border-radius: 5px; line-height: 60%\"><p style=\"margin-bottom: 0px\">Resource \"sp-prod-type\" </p></div><p><b>url</b>: <code>https://fhirbender.github.io/mpd-box/SearchParameter/sp-prod-type</code></p><p><b>version</b>: 1.0.0</p><p><b>name</b>: PPRDUCT-TYPE-SEARCH-PARAMETER</p><p><b>status</b>: active</p><p><b>experimental</b>: true</p><p><b>date</b>: 2022-05-05</p><p><b>publisher</b>: My Organization</p><p><b>contact</b>: My Organization: <a href=\"http://example.com/committees\">http://example.com/committees</a>,<a href=\"mailto:my-group@example.com\">my-group@example.com</a>, José Costa Teixeira: <a href=\"mailto:well.u.know@gmail.com\">well.u.know@gmail.com</a></p><p><b>description</b>: Search by product type</p><p><b>jurisdiction</b>: World <span style=\"background: LightGoldenRodYellow; margin: 4px; border: 1px solid khaki\"> (m49.htm#001)</span></p><p><b>purpose</b>: Search by Product type</p><p><b>code</b>: prod-type</p><p><b>base</b>: MedicationKnowledge</p><p><b>type</b>: token</p><p><b>expression</b>: MedicationKnowledge.productType</p><p><b>xpath</b>: f:MedicationKnowledge/f:productType</p><p><b>xpathUsage</b>: normal</p></div>"
  },
  "url": "https://fhirbender.github.io/mpd-box/SearchParameter/sp-prod-type",
  "version": "1.0.0",
  "name": "PPRDUCT-TYPE-SEARCH-PARAMETER",
  "status": "active",
  "experimental": true,
  "date": "2022-05-05",
  "publisher": "My Organization",
  "contact": [
    {
      "name": "My Organization",
      "telecom": [
        {
          "system": "url",
          "value": "http://example.com/committees"
        },
        {
          "system": "email",
          "value": "my-group@example.com"
        }
      ]
    },
    {
      "name": "José Costa Teixeira",
      "telecom": [
        {
          "system": "email",
          "value": "well.u.know@gmail.com",
          "use": "work"
        }
      ]
    }
  ],
  "description": "Search by product type",
  "jurisdiction": [
    {
      "coding": [
        {
          "system": "http://unstats.un.org/unsd/methods/m49/m49.htm",
          "code": "001",
          "display": "World"
        }
      ]
    }
  ],
  "purpose": "Search by Product type",
  "code": "prod-type",
  "base": [
    "MedicationKnowledge"
  ],
  "type": "token",
  "expression": "MedicationKnowledge.productType",
  "xpath": "f:MedicationKnowledge/f:productType",
  "xpathUsage": "normal"
}