{
  "resourceType": "ValueSet",
  "id": "prod-type-vs",
  "text": {
    "status": "generated",
    "div": "<div xmlns=\"http://www.w3.org/1999/xhtml\"><ul><li>Include all codes defined in <a href=\"CodeSystem-prod-type-cs.html\"><code>https://fhirbender.github.io/mpd-box/CodeSystem/prod-type-cs</code></a></li></ul></div>"
  },
  "url": "https://fhirbender.github.io/mpd-box/ValueSet/prod-type-cs",
  "version": "1.0.0",
  "name": "ProductTypeVS",
  "title": "Product Types Value Set",
  "status": "active",
  "date": "2022-05-09T12:09:56+00:00",
  "publisher": "My Organization",
  "contact": [
    {
      "name": "My Organization",
      "telecom": [
        {
          "system": "url",
          "value": "http://example.com/committees"
        },
        {
          "system": "email",
          "value": "my-group@example.com"
        }
      ]
    },
    {
      "name": "José Costa Teixeira",
      "telecom": [
        {
          "system": "email",
          "value": "well.u.know@gmail.com",
          "use": "work"
        }
      ]
    }
  ],
  "description": "Product Types Value Set.",
  "jurisdiction": [
    {
      "coding": [
        {
          "system": "http://unstats.un.org/unsd/methods/m49/m49.htm",
          "code": "001",
          "display": "World"
        }
      ]
    }
  ],
  "compose": {
    "include": [
      {
        "system": "https://fhirbender.github.io/mpd-box/CodeSystem/prod-type-cs"
      }
    ]
  }
}